link,make,model,year_of_manufacture,km_driven,fuel_type,ownership,price,location,Reg year,Make year,Reg number,Engine capacity,Spare key,Transmission,KM driven,Fuel type
https://www.cars24.com/buy-used-maruti-swift-dzire-2013-cars-hyderabad-10416536731/,Maruti,Swift Dzire VDI,2013,"1,09,035 km",Diesel,2nd owner,₹4.25L,"Bachupally, Hyderabad",Apr 2013,2013,AP10-BD4428Engine,1248 cc,YesTransmission,ManualKM,"109,035 km",Diesel2013
https://www.cars24.com/buy-used-maruti-ertiga-2022-cars-hyderabad-10424031732/,Maruti,Ertiga VXI AT SHVS,2022,"35,378 km",Petrol,1st owner,₹10.84L,"Bachupally, Hyderabad",May 2022,2022,TS12-EU4555Engine,1462 cc,YesTransmission,AutomaticKM,"35,378 km",Petrol2022
https://www.cars24.com/buy-used-maruti-alto-k10-2022-cars-hyderabad-10490933736/,Maruti,Alto K10 VXI,2022,"22,864 km",Petrol,1st owner,₹4.15L,"Bachupally, Hyderabad",Nov 2022,2022,TS07-JM3858Engine,998 cc,YesTransmission,ManualKM,"22,864 km",Petrol2022
https://www.cars24.com/buy-used-maruti-baleno-2016-cars-hyderabad-10451138735/,Maruti,Baleno DELTA PETROL 1.2,2016,"55,511 km",Petrol,2nd owner,₹4.91L,"Kompally, Hyderabad",Oct 2016,2016,TS07-FE5376Engine,1197 cc,YesTransmission,ManualKM,"55,511 km",Petrol2016
https://www.cars24.com/buy-used-maruti-alto-800-2014-cars-hyderabad-10455232728/,Maruti,Alto 800 LXI,2014,"43,780 km",Petrol,1st owner,₹2.39L,"Kompally, Hyderabad",Aug 2014,2014,TS08-EC0838Engine,796 cc,NoTransmission,ManualKM,"43,780 km",Petrol2014
https://www.cars24.com/buy-used-maruti-swift-2016-cars-hyderabad-10466931731/,Maruti,Swift ZXI,2016,"77,053 km",Petrol,1st owner,₹5.38L,"Bachupally, Hyderabad",Apr 2017,2016,TS11-EJ9192Engine,1197 cc,YesTransmission,ManualKM,"77,053 km",Petrol2016
https://www.cars24.com/buy-used-maruti-swift-2017-cars-hyderabad-10471237728/,Maruti,Swift VXI,2017,"25,847 km",Petrol,2nd owner,₹5.61L,"Attapur, Hyderabad",Aug 2017,2017,TS07-FS8002Engine,1197 cc,NoTransmission,ManualKM,"25,847 km",Petrol2017
https://www.cars24.com/buy-used-maruti-alto-800-2013-cars-hyderabad-10422231783/,Maruti,Alto 800 LXI,2013,"49,551 km",Petrol,2nd owner,₹2.19L,"Bachupally, Hyderabad",Mar 2013,2013,AP28-DS4263Engine,796 cc,YesTransmission,ManualKM,"49,551 km",Petrol2013
https://www.cars24.com/buy-used-maruti-baleno-2019-cars-hyderabad-10406735756/,Maruti,Baleno DELTA PETROL 1.2,2019,"74,173 km",Petrol,1st owner,₹6.15L,"Kompally, Hyderabad",Jul 2019,2019,TS08-GP1851Engine,1197 cc,YesTransmission,ManualKM,"74,173 km",Petrol2019
https://www.cars24.com/buy-used-maruti-celerio-2018-cars-hyderabad-10420337739/,Maruti,Celerio VXI (O),2018,"37,192 km",Petrol,2nd owner,₹4.18L,"Kompally, Hyderabad",Dec 2018,2018,TS10-ES3266Engine,998 cc,NoTransmission,ManualKM,"37,192 km",Petrol2018
https://www.cars24.com/buy-used-maruti-ciaz-2022-cars-hyderabad-10445038732/,Maruti,Ciaz DELTA 1.5 SHVS MT PETROL,2022,"16,453 km",Petrol,1st owner,₹8.98L,"Kompally, Hyderabad",Aug 2022,2022,TS08-JC9963Engine,1462 cc,YesTransmission,ManualKM,"16,453 km",Petrol2022
https://www.cars24.com/buy-used-maruti-baleno-2018-cars-hyderabad-10410432738/,Maruti,Baleno ZETA CVT PETROL 1.2,2018,"62,129 km",Petrol,1st owner,₹6.53L,"Kompally, Hyderabad",May 2018,2018,TS13-EK9711Engine,1197 cc,YesTransmission,AutomaticKM,"62,129 km",Petrol2018
https://www.cars24.com/buy-used-toyota-glanza-2019-cars-hyderabad-10414730734/,Toyota,Glanza V,2019,"31,957 km",Petrol,1st owner,₹7.28L,"Bachupally, Hyderabad",Dec 2019,2019,TS07-HA0200Engine,1197 cc,YesTransmission,ManualKM,"31,957 km",Petrol2019
https://www.cars24.com/buy-used-maruti-baleno-2021-cars-hyderabad-10476635739/,Maruti,Baleno ZETA PETROL 1.2,2021,"46,568 km",Petrol,1st owner,₹7.31L,"Bachupally, Hyderabad",Apr 2021,2021,TS10-EZ5510Engine,1197 cc,YesTransmission,ManualKM,"46,568 km",Petrol2021
https://www.cars24.com/buy-used-maruti-celerio-2023-cars-hyderabad-10404138734/,Maruti,Celerio ZXI,2023,"10,006 km",Petrol,1st owner,₹5.98L,"Kompally, Hyderabad",Feb 2024,2023,TS09-GF8083Engine,998 cc,YesTransmission,ManualKM,"10,006 km",Petrol2023
https://www.cars24.com/buy-used-maruti-baleno-2018-cars-hyderabad-10488135739/,Maruti,Baleno ZETA PETROL 1.2,2018,"60,017 km",Petrol,1st owner,₹6.17L,"Attapur, Hyderabad",Jun 2018,2018,TS08-FY0294Engine,1197 cc,YesTransmission,ManualKM,"60,017 km",Petrol2018
https://www.cars24.com/buy-used-maruti-s-presso-2021-cars-hyderabad-10480239730/,Maruti,S PRESSO VXI+,2021,"45,232 km",Petrol,1st owner,₹4.36L,"Kompally, Hyderabad",Dec 2021,2021,TS08-HU3534Engine,998 cc,YesTransmission,ManualKM,"45,232 km",Petrol2021
https://www.cars24.com/buy-used-maruti-celerio-2021-cars-hyderabad-10420732713/,Maruti,Celerio ZXI PLUS AGS,2021,"3,760 km",Petrol,2nd owner,₹6.50L,"Kompally, Hyderabad",Jan 2022,2021,TS08-HW8490Engine,998 cc,YesTransmission,AutomaticKM,"3,760 km",Petrol2021
https://www.cars24.com/buy-used-skoda-rapid-2020-cars-hyderabad-10425833729/,Skoda,Rapid MONTE CARLO TSI,2020,"57,801 km",Petrol,1st owner,₹8.11L,"Kompally, Hyderabad",Sep 2020,2020,TS08-HE4447Engine,999 cc,YesTransmission,ManualKM,"57,801 km",Petrol2020
https://www.cars24.com/buy-used-maruti-alto-k10-2023-cars-hyderabad-10458334733/,Maruti,Alto K10 VXI PLUS AMT,2023,"15,262 km",Petrol,1st owner,₹5.65L,"Kompally, Hyderabad",Sep 2023,2023,TS15-FM7963Engine,998 cc,YesTransmission,AutomaticKM,"15,262 km",Petrol2023
https://www.cars24.com/buy-used-maruti-ignis-2017-cars-hyderabad-10405538730/,Maruti,IGNIS ZETA 1.2,2017,"52,488 km",Petrol,1st owner,₹5.10L,"Bachupally, Hyderabad",May 2017,2017,TS07-FQ0674Engine,1197 cc,YesTransmission,ManualKM,"52,488 km",Petrol2017
https://www.cars24.com/buy-used-maruti-ignis-2018-cars-hyderabad-10470537738/,Maruti,IGNIS ALPHA 1.2,2018,"35,090 km",Petrol,1st owner,₹5.41L,"Kompally, Hyderabad",Mar 2019,2018,TS10-ET0599Engine,1197 cc,YesTransmission,ManualKM,"35,090 km",Petrol2018
https://www.cars24.com/buy-used-maruti-swift-2018-cars-hyderabad-10453988709/,Maruti,Swift VDI,2018,"72,273 km",Diesel,2nd owner,₹6.10L,"Bachupally, Hyderabad",Nov 2018,2018,TS08-GE1024Engine,1248 cc,NoTransmission,ManualKM,"72,273 km",Diesel2018
https://www.cars24.com/buy-used-maruti-alto-800-2014-cars-hyderabad-10492938787/,Maruti,Alto 800 LXI,2014,"58,622 km",Petrol,1st owner,₹2.52L,"Kompally, Hyderabad",Dec 2014,2014,AP21-BC0820Engine,796 cc,YesTransmission,ManualKM,"58,622 km",Petrol2014
https://www.cars24.com/buy-used-maruti-xl6-2021-cars-hyderabad-10406333759/,Maruti,XL6 ZETA MT,2021,"53,293 km",Petrol,1st owner,₹9.80L,"Kompally, Hyderabad",Jul 2021,2021,TS19-F9000Engine,1462 cc,YesTransmission,ManualKM,"53,293 km",Petrol2021
https://www.cars24.com/buy-used-maruti-swift-2019-cars-hyderabad-10434910788/,Maruti,Swift ZXI PLUS AMT,2019,"90,696 km",Petrol,1st owner,₹6.12L,"Kompally, Hyderabad",May 2019,2019,TS09-FF2573Engine,1197 cc,YesTransmission,AutomaticKM,"90,696 km",Petrol2019
https://www.cars24.com/buy-used-maruti-swift-2012-cars-hyderabad-10468930799/,Maruti,Swift VDI,2012,"62,234 km",Diesel,2nd owner,₹3.56L,"Attapur, Hyderabad",Aug 2012,2012,AP10-BB1751Engine,1248 cc,NoTransmission,ManualKM,"62,234 km",Diesel2012
https://www.cars24.com/buy-used-maruti-alto-k10-2011-cars-hyderabad-10490182741/,Maruti,Alto K10 VXI,2011,"81,585 km",Petrol,2nd owner,₹1.85L,"Attapur, Hyderabad",Dec 2011,2011,AP09-CH0041Engine,998 cc,YesTransmission,ManualKM,"81,585 km",Petrol2011
https://www.cars24.com/buy-used-maruti-swift-2018-cars-hyderabad-10473388706/,Maruti,Swift ZXI AMT,2018,"1,06,419 km",Petrol,2nd owner,₹5.28L,"Bachupally, Hyderabad",Jul 2018,2018,TS34-B4021Engine,1197 cc,YesTransmission,AutomaticKM,"106,419 km",Petrol2018
https://www.cars24.com/buy-used-maruti-dzire-2021-cars-hyderabad-10412185747/,Maruti,Dzire VXI,2021,"45,407 km",Petrol,1st owner,₹6.90L,"Attapur, Hyderabad",Jul 2021,2021,TS30-H2272Engine,1197 cc,YesTransmission,ManualKM,"45,407 km",Petrol2021
https://www.cars24.com/buy-used-maruti-vitara-brezza-2021-cars-hyderabad-10453631782/,Maruti,Vitara Brezza ZXI PLUS AT DUAL TONE SHVS,2021,"68,282 km",Petrol,1st owner,₹10.07L,"Kompally, Hyderabad",Apr 2021,2021,TS08-HM4140Engine,1462 cc,NoTransmission,AutomaticKM,"68,282 km",Petrol2021
https://www.cars24.com/buy-used-maruti-vitara-brezza-2017-cars-hyderabad-10467782703/,Maruti,Vitara Brezza ZDI,2017,"1,11,621 km",Diesel,2nd owner,₹7.63L,"Bachupally, Hyderabad",Apr 2017,2017,TS07-FN5440Engine,1248 cc,YesTransmission,ManualKM,"111,621 km",Diesel2017
https://www.cars24.com/buy-used-maruti-brezza-2023-cars-hyderabad-10402183767/,Maruti,BREZZA ZXI SMART HYBRID,2023,"22,737 km",Petrol,1st owner,₹11.46L,"Attapur, Hyderabad",Jul 2023,2023,TS05-FN0306Engine,1462 cc,YesTransmission,ManualKM,"22,737 km",Petrol2023
https://www.cars24.com/buy-used-maruti-celerio-2022-cars-hyderabad-10401034797/,Maruti,Celerio VXI CNG,2022,"48,731 km",CNG,1st owner,₹6.37L,"Kompally, Hyderabad",Jun 2022,2022,TS15-FH2451Engine,998 cc,YesTransmission,ManualKM,"48,731 km",CNG2022
https://www.cars24.com/buy-used-skoda-rapid-2018-cars-hyderabad-10436387707/,Skoda,Rapid STYLE 1.6 MPI AT,2018,"55,595 km",Petrol,1st owner,₹7.32L,"Attapur, Hyderabad",Apr 2018,2018,TS09-EY9270Engine,1598 cc,NoTransmission,AutomaticKM,"55,595 km",Petrol2018
https://www.cars24.com/buy-used-maruti-swift-2017-cars-hyderabad-10420384717/,Maruti,Swift VXI,2017,"69,042 km",Petrol,2nd owner,₹5.09L,"Bachupally, Hyderabad",Aug 2017,2017,TS08-FJ7772Engine,1197 cc,NoTransmission,ManualKM,"69,042 km",Petrol2017
https://www.cars24.com/buy-used-maruti-ritz-2012-cars-hyderabad-10403889740/,Maruti,Ritz VXI,2012,"42,582 km",Petrol,1st owner,₹2.88L,"Attapur, Hyderabad",Jan 2013,2012,AP28-DR3112Insurance,,YesTransmission,ManualKM,"42,582 km",Petrol2012
https://www.cars24.com/buy-used-maruti-dzire-2017-cars-hyderabad-10445737782/,Maruti,Dzire VDI AMT,2017,"77,742 km",Diesel,1st owner,₹6.62L,"Kompally, Hyderabad",Oct 2017,2017,TS08-FN0192Engine,1248 cc,YesTransmission,AutomaticKM,"77,742 km",Diesel2017
https://www.cars24.com/buy-used-maruti-swift-dzire-2016-cars-hyderabad-10469439790/,Maruti,Swift Dzire VXI (O),2016,"34,781 km",Petrol,1st owner,₹4.94L,"Attapur, Hyderabad",Aug 2016,2016,TS11-EG8640Engine,1197 cc,YesTransmission,ManualKM,"34,781 km",Petrol2016
https://www.cars24.com/buy-used-maruti-dzire-2019-cars-hyderabad-10441434772/,Maruti,Dzire VXI AMT,2019,"41,666 km",Petrol,1st owner,₹6.56L,"Bachupally, Hyderabad",Nov 2019,2019,TS07-GY1070Engine,1197 cc,NoTransmission,AutomaticKM,"41,666 km",Petrol2019
https://www.cars24.com/buy-used-maruti-dzire-2017-cars-hyderabad-10412632712/,Maruti,Dzire VDI AMT,2017,"95,453 km",Diesel,1st owner,₹6.09L,"Attapur, Hyderabad",Nov 2017,2017,TS07-FW4950Engine,1248 cc,YesTransmission,AutomaticKM,"95,453 km",Diesel2017
https://www.cars24.com/buy-used-maruti-wagon-r-1.0-2012-cars-hyderabad-10469231792/,Maruti,Wagon R 1.0 LXI,2012,"61,391 km",Petrol,2nd owner,₹2.95L,"Attapur, Hyderabad",Apr 2012,2012,AP10-BA1247Engine,998 cc,YesTransmission,ManualKM,"61,391 km",Petrol2012
https://www.cars24.com/buy-used-skoda-kushaq-2021-cars-hyderabad-10439730789/,Skoda,KUSHAQ STYLE 1.0L TSI MT,2021,"36,691 km",Petrol,1st owner,₹12.64L,"Kompally, Hyderabad",Aug 2021,2021,TS08-HP5823Engine,999 cc,NoTransmission,ManualKM,"36,691 km",Petrol2021
https://www.cars24.com/buy-used-maruti-ciaz-2020-cars-hyderabad-10499531778/,Maruti,Ciaz DELTA 1.5 SHVS MT PETROL,2020,"50,172 km",Petrol,1st owner,₹7.61L,"Attapur, Hyderabad",Oct 2020,2020,TS03-FA2129Engine,1462 cc,NoTransmission,ManualKM,"50,172 km",Petrol2020
https://www.cars24.com/buy-used-maruti-brezza-2022-cars-hyderabad-10473087764/,Maruti,BREZZA ZXI SMART HYBRID,2022,"23,690 km",Petrol,1st owner,₹10.91L,"Kompally, Hyderabad",Sep 2022,2022,TS07-JK5363Engine,1462 cc,YesTransmission,ManualKM,"23,690 km",Petrol2022
https://www.cars24.com/buy-used-maruti-ritz-2013-cars-hyderabad-10437381762/,Maruti,Ritz ZDI,2013,"82,552 km",Diesel,1st owner,₹3.66L,"Kompally, Hyderabad",Feb 2014,2013,AP28-CL4896Engine,1248 cc,YesTransmission,ManualKM,"82,552 km",Diesel2013
https://www.cars24.com/buy-used-maruti-alto-800-2017-cars-hyderabad-10481237756/,Maruti,Alto 800 LXI,2017,"47,179 km",Petrol,1st owner,₹2.93L,"Attapur, Hyderabad",Aug 2017,2017,TS07-FS4925Engine,796 cc,YesTransmission,ManualKM,"47,179 km",Petrol2017
https://www.cars24.com/buy-used-maruti-swift-2012-cars-hyderabad-10491387728/,Maruti,Swift VXI,2012,"71,115 km",Petrol,3rd owner,₹3.31L,"Bachupally, Hyderabad",Nov 2012,2012,AP29-AW4585Engine,1197 cc,YesTransmission,ManualKM,"71,115 km",Petrol2012
https://www.cars24.com/buy-used-skoda-rapid-2019-cars-hyderabad-10456653783/,Skoda,Rapid STYLE 1.5 TDI AT,2019,"1,07,669 km",Diesel,2nd owner,₹8.06L,"Attapur, Hyderabad",Mar 2020,2019,TS15-FA2268Engine,1498 cc,NoTransmission,AutomaticKM,"107,669 km",Diesel2019
https://www.cars24.com/buy-used-maruti-dzire-2018-cars-hyderabad-10457038790/,Maruti,Dzire VXI AMT,2018,"68,760 km",Petrol,1st owner,₹5.99L,"Bachupally, Hyderabad",Feb 2018,2018,TS10-EP3043Engine,1197 cc,NoTransmission,AutomaticKM,"68,760 km",Petrol2018
https://www.cars24.com/buy-used-maruti-swift-dzire-2014-cars-hyderabad-10404432796/,Maruti,Swift Dzire ZDI,2014,"98,752 km",Diesel,1st owner,₹5.27L,"Kompally, Hyderabad",Mar 2014,2014,AP28-DX0487Engine,1248 cc,YesTransmission,ManualKM,"98,752 km",Diesel2014
https://www.cars24.com/buy-used-maruti-baleno-2020-cars-hyderabad-10440538753/,Maruti,Baleno ZETA PETROL 1.2,2020,"65,323 km",Petrol,1st owner,₹6.95L,"Bachupally, Hyderabad",Feb 2021,2020,TS34-F1788Engine,1197 cc,NoTransmission,ManualKM,"65,323 km",Petrol2020
https://www.cars24.com/buy-used-maruti-dzire-2020-cars-hyderabad-10427282704/,Maruti,Dzire VXI AMT,2020,"41,774 km",Petrol,1st owner,₹6.81L,"Kompally, Hyderabad",Jun 2020,2020,TS11-ET6399Insurance,,YesTransmission,AutomaticKM,"41,774 km",Petrol2020
https://www.cars24.com/buy-used-maruti-ciaz-2017-cars-hyderabad-10419637781/,Maruti,Ciaz ZETA DIESEL 1.3,2017,"1,01,069 km",Diesel,2nd owner,₹6.92L,"Kompally, Hyderabad",Jul 2017,2017,TS08-FK2424Engine,1248 cc,NoTransmission,ManualKM,"101,069 km",Diesel2017
https://www.cars24.com/buy-used-maruti-brezza-2022-cars-hyderabad-10483859716/,Maruti,BREZZA ZXI SMART HYBRID,2022,"66,111 km",Petrol,1st owner,₹11.09L,"Kompally, Hyderabad",Jan 2023,2022,TS32-G3499Engine,1462 cc,NoTransmission,ManualKM,"66,111 km",Petrol2022
https://www.cars24.com/buy-used-maruti-wagon-r-stingray-2014-cars-hyderabad-10467330759/,Maruti,Wagon R Stingray VXI,2014,"76,934 km",Petrol,2nd owner,₹3.33L,"Kompally, Hyderabad",Sep 2014,2014,TS09-EB8766Engine,998 cc,YesTransmission,ManualKM,"76,934 km",Petrol2014
https://www.cars24.com/buy-used-maruti-xl6-2022-cars-hyderabad-10417137777/,Maruti,XL6 ZETA AT,2022,"41,145 km",Petrol,1st owner,₹11.93L,"Kompally, Hyderabad",May 2022,2022,TS17-K3797Engine,1462 cc,NoTransmission,AutomaticKM,"41,145 km",Petrol2022
https://www.cars24.com/buy-used-maruti-celerio-x-2018-cars-hyderabad-10401988753/,Maruti,Celerio X ZXI AMT,2018,"68,971 km",Petrol,2nd owner,₹4.49L,"Bachupally, Hyderabad",Feb 2019,2018,TS08-GJ0447Engine,998 cc,NoTransmission,AutomaticKM,"68,971 km",Petrol2018
https://www.cars24.com/buy-used-maruti-baleno-2018-cars-hyderabad-10410339717/,Maruti,Baleno ALPHA CVT PETROL 1.2,2018,"43,363 km",Petrol,1st owner,₹6.66L,"Kompally, Hyderabad",Nov 2018,2018,TS09-FC7626Engine,1197 cc,YesTransmission,AutomaticKM,"43,363 km",Petrol2018
https://www.cars24.com/buy-used-maruti-swift-2014-cars-hyderabad-10442138751/,Maruti,Swift ZXI,2014,"48,194 km",Petrol,1st owner,₹4.71L,"Bachupally, Hyderabad",Jun 2014,2014,TS07-EC1081Engine,1197 cc,YesTransmission,ManualKM,"48,194 km",Petrol2014
https://www.cars24.com/buy-used-maruti-wagon-r-1.0-2017-cars-hyderabad-10437835710/,Maruti,Wagon R 1.0 VXI+ (O) MT,2017,"92,836 km",Petrol,1st owner,₹3.85L,"Attapur, Hyderabad",Feb 2018,2017,TS09-EY2786Engine,998 cc,NoTransmission,ManualKM,"92,836 km",Petrol2017
https://www.cars24.com/buy-used-maruti-wagon-r-1.0-2018-cars-hyderabad-10474830773/,Maruti,Wagon R 1.0 VXI,2018,"92,102 km",Petrol,1st owner,₹3.70L,"Bachupally, Hyderabad",Aug 2018,2018,TS07-GG4009Engine,998 cc,YesTransmission,ManualKM,"92,102 km",Petrol2018
https://www.cars24.com/buy-used-maruti-swift-dzire-2014-cars-hyderabad-10493184746/,Maruti,Swift Dzire VXI,2014,"62,067 km",Petrol,1st owner,₹4.34L,"Kompally, Hyderabad",Dec 2014,2014,TS09-ED0387Engine,1197 cc,NoTransmission,ManualKM,"62,067 km",Petrol2014
https://www.cars24.com/buy-used-maruti-dzire-2022-cars-hyderabad-10422236790/,Maruti,Dzire VXI AMT,2022,"52,707 km",Petrol,2nd owner,₹7.06L,"Attapur, Hyderabad",Nov 2022,2022,TS05-FN2411Engine,1197 cc,NoTransmission,AutomaticKM,"52,707 km",Petrol2022
https://www.cars24.com/buy-used-maruti-baleno-2016-cars-hyderabad-10455851767/,Maruti,Baleno DELTA PETROL 1.2,2016,"97,531 km",Petrol,1st owner,₹5.13L,"Bachupally, Hyderabad",May 2016,2016,TS10-EG9669Engine,1197 cc,NoTransmission,ManualKM,"97,531 km",Petrol2016
https://www.cars24.com/buy-used-maruti-swift-2015-cars-hyderabad-10405132755/,Maruti,Swift VDI ABS,2015,"90,513 km",Diesel,1st owner,₹5.29L,"Attapur, Hyderabad",Mar 2015,2015,AP16-CZ6490Engine,1248 cc,NoTransmission,ManualKM,"90,513 km",Diesel2015
https://www.cars24.com/buy-used-maruti-swift-dzire-2016-cars-hyderabad-10432436776/,Maruti,Swift Dzire ZXI,2016,"38,023 km",Petrol,1st owner,₹6.06L,"Attapur, Hyderabad",Apr 2016,2016,TS09-EL8813Engine,1197 cc,YesTransmission,ManualKM,"38,023 km",Petrol2016
https://www.cars24.com/buy-used-skoda-kushaq-2022-cars-hyderabad-10415338750/,Skoda,KUSHAQ STYLE 1.0L TSI AT (6 AIRBAGS),2022,"19,562 km",Petrol,1st owner,₹15.08L,"Bachupally, Hyderabad",May 2022,2022,TS07-JF2328Engine,999 cc,NoTransmission,AutomaticKM,"19,562 km",Petrol2022
https://www.cars24.com/buy-used-maruti-celerio-x-2018-cars-hyderabad-10409430788/,Maruti,Celerio X ZXI AMT,2018,"14,268 km",Petrol,1st owner,₹4.94L,"Kompally, Hyderabad",Nov 2018,2018,TS11-EP1524Engine,998 cc,YesTransmission,AutomaticKM,"14,268 km",Petrol2018
https://www.cars24.com/buy-used-maruti-baleno-2019-cars-hyderabad-10410684789/,Maruti,Baleno ALPHA PETROL 1.2,2019,"73,813 km",Petrol,2nd owner,₹6.29L,"Attapur, Hyderabad",Feb 2020,2019,TS09-FK5579Engine,1197 cc,NoTransmission,ManualKM,"73,813 km",Petrol2019
https://www.cars24.com/buy-used-maruti-alto-2021-cars-hyderabad-10420583704/,Maruti,Alto VXI PLUS,2021,"24,381 km",Petrol,2nd owner,₹3.75L,"Bachupally, Hyderabad",Sep 2021,2021,TS07-HW1175Engine,796 cc,YesTransmission,ManualKM,"24,381 km",Petrol2021
https://www.cars24.com/buy-used-skoda-kushaq-2021-cars-hyderabad-10423030719/,Skoda,KUSHAQ AMBITION 1.0L TSI AT,2021,"44,075 km",Petrol,1st owner,₹12.34L,"Kompally, Hyderabad",Jun 2022,2021,TS07-JB1978Engine,999 cc,YesTransmission,AutomaticKM,"44,075 km",Petrol2021
https://www.cars24.com/buy-used-maruti-celerio-2017-cars-hyderabad-10424938788/,Maruti,Celerio ZXI (O),2017,"51,182 km",Petrol,2nd owner,₹4.14L,"Attapur, Hyderabad",Sep 2017,2017,TS08-FK6266Engine,998 cc,YesTransmission,ManualKM,"51,182 km",Petrol2017
https://www.cars24.com/buy-used-skoda-rapid-2017-cars-hyderabad-10492180743/,Skoda,Rapid STYLE 1.6 MPI AT,2017,"1,06,132 km",Petrol,1st owner,₹6.83L,"Kompally, Hyderabad",Oct 2017,2017,TS08-FN3828Engine,1598 cc,NoTransmission,AutomaticKM,"106,132 km",Petrol2017
https://www.cars24.com/buy-used-maruti-alto-2021-cars-hyderabad-10440784727/,Maruti,Alto VXI PLUS,2021,"24,463 km",Petrol,1st owner,₹3.92L,"Attapur, Hyderabad",Nov 2021,2021,TS15-FF4762Engine,796 cc,YesTransmission,ManualKM,"24,463 km",Petrol2021
https://www.cars24.com/buy-used-maruti-dzire-2021-cars-hyderabad-10475231756/,Maruti,Dzire VXI AMT,2021,"49,950 km",Petrol,1st owner,₹7.64L,"Kompally, Hyderabad",Nov 2021,2021,TS13-EU9468Engine,1197 cc,YesTransmission,AutomaticKM,"49,950 km",Petrol2021
https://www.cars24.com/buy-used-maruti-celerio-2019-cars-hyderabad-10437086764/,Maruti,Celerio ZXI,2019,"69,332 km",Petrol,1st owner,₹4.60L,"Attapur, Hyderabad",Aug 2019,2019,TS09-FG9320Engine,998 cc,NoTransmission,ManualKM,"69,332 km",Petrol2019
https://www.cars24.com/buy-used-maruti-celerio-2020-cars-hyderabad-10428930784/,Maruti,Celerio VXI (O),2020,"28,358 km",Petrol,1st owner,₹4.72L,"Kompally, Hyderabad",Nov 2020,2020,TS08-HF9300Engine,998 cc,NoTransmission,ManualKM,"28,358 km",Petrol2020
https://www.cars24.com/buy-used-maruti-baleno-2019-cars-hyderabad-10402238710/,Maruti,Baleno ALPHA CVT PETROL 1.2,2019,"32,201 km",Petrol,1st owner,₹7.43L,"Attapur, Hyderabad",Jul 2019,2019,TS10-EU2024Engine,1197 cc,YesTransmission,AutomaticKM,"32,201 km",Petrol2019
https://www.cars24.com/buy-used-maruti-alto-k10-2019-cars-hyderabad-10471433797/,Maruti,Alto K10 VXI,2019,"47,066 km",Petrol,2nd owner,₹3.26L,"Bachupally, Hyderabad",Jun 2019,2019,TS08-GL8863Engine,998 cc,NoTransmission,ManualKM,"47,066 km",Petrol2019
https://www.cars24.com/buy-used-skoda-rapid-2019-cars-hyderabad-10486231752/,Skoda,Rapid STYLE 1.6 MPI,2019,"81,413 km",Petrol,2nd owner,₹8.89L,"Bachupally, Hyderabad",Oct 2019,2019,TS08-GQ8866Engine,1598 cc,YesTransmission,ManualKM,"81,413 km",Petrol2019
https://www.cars24.com/buy-used-maruti-new-wagon-r-2019-cars-hyderabad-10479539733/,Maruti,New Wagon-R VXI 1.0 AMT,2019,"95,456 km",Petrol,1st owner,₹4.62L,"Attapur, Hyderabad",Feb 2019,2019,TS11-EQ1130Engine,998 cc,YesTransmission,AutomaticKM,"95,456 km",Petrol2019
https://www.cars24.com/buy-used-maruti-ignis-2017-cars-hyderabad-10470381765/,Maruti,IGNIS DELTA 1.2,2017,"85,064 km",Petrol,1st owner,₹4.65L,"Attapur, Hyderabad",Jan 2018,2017,TS08-FQ9841Engine,1197 cc,YesTransmission,ManualKM,"85,064 km",Petrol2017
https://www.cars24.com/buy-used-maruti-ciaz-2018-cars-hyderabad-10479080746/,Maruti,Ciaz ALPHA 1.4 PETROL,2018,"98,119 km",Petrol,1st owner,₹6.57L,"Bachupally, Hyderabad",Jun 2018,2018,TS08-FZ1662Engine,1373 cc,YesTransmission,ManualKM,"98,119 km",Petrol2018
https://www.cars24.com/buy-used-maruti-celerio-2020-cars-hyderabad-10448788709/,Maruti,Celerio ZXI AMT,2020,"47,616 km",Petrol,2nd owner,₹5.62L,"Bachupally, Hyderabad",Mar 2020,2020,TS07-HE0434Engine,998 cc,YesTransmission,AutomaticKM,"47,616 km",Petrol2020
https://www.cars24.com/buy-used-maruti-s-presso-2021-cars-hyderabad-10407139718/,Maruti,S PRESSO VXI+,2021,"18,842 km",Petrol,2nd owner,₹4.27L,"Bachupally, Hyderabad",Aug 2021,2021,TS07-HV3135Engine,998 cc,YesTransmission,ManualKM,"18,842 km",Petrol2021
https://www.cars24.com/buy-used-maruti-ciaz-2017-cars-hyderabad-10405588765/,Maruti,Ciaz DELTA 1.4 MT PETROL,2017,"1,05,815 km",Petrol,2nd owner,₹5.45L,"Attapur, Hyderabad",Jun 2017,2017,TS08-FH5684Engine,1373 cc,YesTransmission,ManualKM,"105,815 km",Petrol2017
https://www.cars24.com/buy-used-maruti-swift-2018-cars-hyderabad-10428736794/,Maruti,Swift ZDI AMT,2018,"94,745 km",Diesel,1st owner,₹6.58L,"Kompally, Hyderabad",May 2018,2018,TS07-GA6981Engine,1248 cc,NoTransmission,AutomaticKM,"94,745 km",Diesel2018
https://www.cars24.com/buy-used-maruti-ciaz-2020-cars-hyderabad-10465831752/,Maruti,Ciaz DELTA 1.5 SHVS MT PETROL,2020,"61,765 km",Petrol,2nd owner,₹7.43L,"Kompally, Hyderabad",Jun 2020,2020,TS15-FA4763Engine,1462 cc,YesTransmission,ManualKM,"61,765 km",Petrol2020
https://www.cars24.com/buy-used-maruti-celerio-2016-cars-hyderabad-10495336717/,Maruti,Celerio VXI AMT,2016,"69,973 km",Petrol,2nd owner,₹3.81L,"Attapur, Hyderabad",Feb 2017,2016,TS09-ES0735Engine,998 cc,NoTransmission,AutomaticKM,"69,973 km",Petrol2016
https://www.cars24.com/buy-used-maruti-s-presso-2020-cars-hyderabad-10422535785/,Maruti,S PRESSO LXI (O) CNG,2020,"80,265 km",CNG,1st owner,₹4.86L,"Kompally, Hyderabad",Oct 2020,2020,TS07-HL1169Engine,998 cc,YesTransmission,ManualKM,"80,265 km",CNG2020
https://www.cars24.com/buy-used-maruti-alto-k10-2011-cars-hyderabad-10410388707/,Maruti,Alto K10 VXI,2011,"72,134 km",Petrol,1st owner,₹1.83L,"Kompally, Hyderabad",Dec 2011,2011,AP28-DL5882Engine,998 cc,YesTransmission,ManualKM,"72,134 km",Petrol2011
https://www.cars24.com/buy-used-maruti-swift-2016-cars-hyderabad-10467385790/,Maruti,Swift VDI ABS,2016,"86,162 km",Diesel,2nd owner,₹4.77L,"Kompally, Hyderabad",Mar 2016,2016,TS11-EF6483Engine,1248 cc,YesTransmission,ManualKM,"86,162 km",Diesel2016
https://www.cars24.com/buy-used-maruti-alto-800-2013-cars-hyderabad-10404189761/,Maruti,Alto 800 LXI,2013,"56,113 km",Petrol,2nd owner,₹2.19L,"Attapur, Hyderabad",Oct 2013,2013,AP29-CA2793Engine,796 cc,NoTransmission,ManualKM,"56,113 km",Petrol2013
https://www.cars24.com/buy-used-maruti-ignis-2019-cars-hyderabad-10421939775/,Maruti,IGNIS DELTA 1.2,2019,"72,496 km",Petrol,2nd owner,₹4.51L,"Bachupally, Hyderabad",Feb 2020,2019,TS34-D9378Engine,1197 cc,NoTransmission,ManualKM,"72,496 km",Petrol2019
https://www.cars24.com/buy-used-maruti-ignis-2017-cars-hyderabad-10424637711/,Maruti,IGNIS DELTA 1.2,2017,"77,579 km",Petrol,2nd owner,₹4.29L,"Kompally, Hyderabad",Oct 2018,2017,TS08-GB6102Engine,1197 cc,NoTransmission,ManualKM,"77,579 km",Petrol2017
https://www.cars24.com/buy-used-maruti-celerio-2015-cars-hyderabad-10409431795/,Maruti,Celerio ZXI AMT,2015,"75,112 km",Petrol,1st owner,₹3.86L,"Attapur, Hyderabad",Nov 2015,2015,TS11-EE6668Engine,998 cc,YesTransmission,AutomaticKM,"75,112 km",Petrol2015
https://www.cars24.com/buy-used-maruti-wagon-r-1.0-2018-cars-hyderabad-10418532757/,Maruti,Wagon R 1.0 VXI AMT,2018,"64,157 km",Petrol,1st owner,₹4.06L,"Attapur, Hyderabad",Jul 2018,2018,TS10-EQ6992Engine,998 cc,NoTransmission,AutomaticKM,"64,157 km",Petrol2018
https://www.cars24.com/buy-used-maruti-dzire-2020-cars-hyderabad-10447036756/,Maruti,Dzire ZXI PLUS AMT,2020,"32,142 km",Petrol,1st owner,₹7.67L,"Bachupally, Hyderabad",Jul 2020,2020,TS07-HF5457Engine,1197 cc,YesTransmission,AutomaticKM,"32,142 km",Petrol2020
https://www.cars24.com/buy-used-maruti-alto-k10-2018-cars-hyderabad-10491835792/,Maruti,Alto K10 VXI (O) AMT,2018,"64,519 km",Petrol,1st owner,₹3.24L,"Kompally, Hyderabad",Aug 2018,2018,TS07-GF2526Engine,998 cc,NoTransmission,AutomaticKM,"64,519 km",Petrol2018
https://www.cars24.com/buy-used-maruti-alto-2019-cars-hyderabad-10403138793/,Maruti,Alto LXI,2019,"31,475 km",Petrol,1st owner,₹3.14L,"Attapur, Hyderabad",Oct 2019,2019,TS09-FH7797Engine,796 cc,YesTransmission,ManualKM,"31,475 km",Petrol2019
https://www.cars24.com/buy-used-maruti-celerio-2019-cars-hyderabad-10442133789/,Maruti,Celerio ZXI AMT (O),2019,"87,744 km",Petrol,1st owner,₹4.95L,"Kompally, Hyderabad",Aug 2019,2019,TS08-GP5550Engine,998 cc,NoTransmission,AutomaticKM,"87,744 km",Petrol2019
https://www.cars24.com/buy-used-maruti-ignis-2017-cars-hyderabad-10420437754/,Maruti,IGNIS ZETA 1.2 AMT,2017,"39,347 km",Petrol,1st owner,₹5.51L,"Kompally, Hyderabad",May 2017,2017,TS09-ET2967Engine,1197 cc,YesTransmission,AutomaticKM,"39,347 km",Petrol2017
https://www.cars24.com/buy-used-maruti-new-wagon-r-2019-cars-hyderabad-10424288724/,Maruti,New Wagon-R VXI 1.2,2019,"52,608 km",Petrol,2nd owner,₹5.04L,"Bachupally, Hyderabad",Apr 2019,2019,TS13-EN7090Engine,1197 cc,YesTransmission,ManualKM,"52,608 km",Petrol2019
https://www.cars24.com/buy-used-maruti-ciaz-2018-cars-hyderabad-10408432751/,Maruti,Ciaz ZETA 1.4 AT PETROL,2018,"88,132 km",Petrol,1st owner,₹7.90L,"Attapur, Hyderabad",Jul 2018,2018,TS07-GE3803Engine,1373 cc,YesTransmission,AutomaticKM,"88,132 km",Petrol2018
https://www.cars24.com/buy-used-maruti-alto-k10-2016-cars-hyderabad-10420387752/,Maruti,Alto K10 VXI AMT,2016,"85,292 km",Petrol,1st owner,₹3.17L,"Bachupally, Hyderabad",Mar 2017,2016,TS13-EG6980Engine,998 cc,NoTransmission,AutomaticKM,"85,292 km",Petrol2016
https://www.cars24.com/buy-used-maruti-dzire-2017-cars-hyderabad-10414833730/,Maruti,Dzire ZXI PLUS AMT,2017,"72,891 km",Petrol,2nd owner,₹6.21L,"Kompally, Hyderabad",Nov 2017,2017,TS08-FP2916Engine,1197 cc,YesTransmission,AutomaticKM,"72,891 km",Petrol2017
https://www.cars24.com/buy-used-maruti-baleno-2019-cars-hyderabad-10440738786/,Maruti,Baleno ZETA PETROL 1.2,2019,"58,448 km",Petrol,1st owner,₹6.75L,"Bachupally, Hyderabad",Mar 2020,2019,TS07-HC8073Engine,1197 cc,YesTransmission,ManualKM,"58,448 km",Petrol2019
https://www.cars24.com/buy-used-maruti-swift-2016-cars-hyderabad-10428788746/,Maruti,Swift ZXI,2016,"1,18,573 km",Petrol,1st owner,₹4.99L,"Kompally, Hyderabad",Jan 2017,2016,TS08-FC2543Engine,1197 cc,NoTransmission,ManualKM,"118,573 km",Petrol2016
https://www.cars24.com/buy-used-maruti-baleno-2022-cars-hyderabad-10499738731/,Maruti,Baleno ALPHA PETROL 1.2,2022,"49,533 km",Petrol,1st owner,₹8.22L,"Attapur, Hyderabad",Apr 2022,2022,TS09-FV5001Engine,1197 cc,NoTransmission,ManualKM,"49,533 km",Petrol2022
https://www.cars24.com/buy-used-maruti-celerio-2016-cars-hyderabad-10421732785/,Maruti,Celerio ZXI AMT,2016,"87,315 km",Petrol,1st owner,₹4.06L,"Kompally, Hyderabad",Mar 2016,2016,TS07-EX3827Engine,998 cc,NoTransmission,AutomaticKM,"87,315 km",Petrol2016
https://www.cars24.com/buy-used-maruti-alto-2020-cars-hyderabad-10463184763/,Maruti,Alto LXI,2020,"30,292 km",Petrol,1st owner,₹3.53L,"Kompally, Hyderabad",Sep 2020,2020,TS07-HK3041Engine,796 cc,NoTransmission,ManualKM,"30,292 km",Petrol2020
https://www.cars24.com/buy-used-maruti-wagon-r-1.0-2015-cars-hyderabad-10499080767/,Maruti,Wagon R 1.0 VXI,2015,"34,292 km",Petrol,2nd owner,₹3.49L,"Bachupally, Hyderabad",Jul 2015,2015,TS11-ED5671Engine,998 cc,YesTransmission,ManualKM,"34,292 km",Petrol2015
https://www.cars24.com/buy-used-maruti-alto-2022-cars-hyderabad-10429136735/,Maruti,Alto VXI,2022,"10,612 km",Petrol,1st owner,₹4.24L,"Kompally, Hyderabad",Mar 2023,2022,TS08-JP3821Engine,796 cc,YesTransmission,ManualKM,"10,612 km",Petrol2022
https://www.cars24.com/buy-used-maruti-celerio-2021-cars-hyderabad-10420932797/,Maruti,Celerio ZXI AMT,2021,"24,059 km",Petrol,1st owner,₹5.95L,"Bachupally, Hyderabad",Jan 2022,2021,TS10-FB2103Engine,998 cc,NoTransmission,AutomaticKM,"24,059 km",Petrol2021
https://www.cars24.com/buy-used-maruti-new-wagon-r-2021-cars-hyderabad-10477237750/,Maruti,New Wagon-R VXI (O) 1.2 AMT,2021,"37,541 km",Petrol,1st owner,₹5.81L,"Attapur, Hyderabad",Nov 2021,2021,TS08-HU2904Engine,1197 cc,NoTransmission,AutomaticKM,"37,541 km",Petrol2021
https://www.cars24.com/buy-used-maruti-s-presso-2021-cars-hyderabad-10450937771/,Maruti,S PRESSO VXI+,2021,"26,875 km",Petrol,2nd owner,₹4.39L,"Attapur, Hyderabad",Jun 2021,2021,TS08-HQ2129Engine,998 cc,NoTransmission,ManualKM,"26,875 km",Petrol2021
https://www.cars24.com/buy-used-maruti-wagon-r-1.0-2017-cars-hyderabad-10415631753/,Maruti,Wagon R 1.0 VXI,2017,"66,341 km",Petrol,1st owner,₹3.92L,"Kompally, Hyderabad",Apr 2017,2017,TS09-ES8939Engine,998 cc,YesTransmission,ManualKM,"66,341 km",Petrol2017
https://www.cars24.com/buy-used-maruti-celerio-x-2019-cars-hyderabad-10422133757/,Maruti,Celerio X ZXI AMT,2019,"52,328 km",Petrol,1st owner,₹5.05L,"Attapur, Hyderabad",Jan 2020,2019,TS09-FK4366Engine,998 cc,YesTransmission,AutomaticKM,"52,328 km",Petrol2019
https://www.cars24.com/buy-used-maruti-alto-2020-cars-hyderabad-10462032784/,Maruti,Alto LXI,2020,"13,485 km",Petrol,1st owner,₹3.53L,"Bachupally, Hyderabad",Jan 2021,2020,TS15-FD3858Engine,796 cc,YesTransmission,ManualKM,"13,485 km",Petrol2020
https://www.cars24.com/buy-used-maruti-alto-800-2013-cars-hyderabad-10417684763/,Maruti,Alto 800 LXI,2013,"48,658 km",Petrol,2nd owner,₹2.19L,"Bachupally, Hyderabad",Aug 2013,2013,AP28-CK4658Engine,796 cc,YesTransmission,ManualKM,"48,658 km",Petrol2013
https://www.cars24.com/buy-used-maruti-celerio-2017-cars-hyderabad-10450636792/,Maruti,Celerio ZXI AMT,2017,"53,241 km",Petrol,1st owner,₹4.80L,"Kompally, Hyderabad",Jul 2017,2017,TS08-FK3626Engine,998 cc,YesTransmission,AutomaticKM,"53,241 km",Petrol2017
https://www.cars24.com/buy-used-maruti-new-wagon-r-2020-cars-hyderabad-10438131780/,Maruti,New Wagon-R VXI 1.2 AMT,2020,"50,380 km",Petrol,2nd owner,₹5.02L,"Kompally, Hyderabad",Aug 2020,2020,TS07-HF9168Engine,1197 cc,YesTransmission,AutomaticKM,"50,380 km",Petrol2020
https://www.cars24.com/buy-used-maruti-wagon-r-1.0-2013-cars-hyderabad-10419735772/,Maruti,Wagon R 1.0 LXI,2013,"51,088 km",Petrol,2nd owner,₹3.11L,"Bachupally, Hyderabad",Feb 2014,2013,AP29-CC0178Engine,998 cc,NoTransmission,ManualKM,"51,088 km",Petrol2013
https://www.cars24.com/buy-used-maruti-ignis-2018-cars-hyderabad-10498188786/,Maruti,IGNIS DELTA 1.2 AMT,2018,"33,509 km",Petrol,1st owner,₹5.17L,"Bachupally, Hyderabad",Mar 2018,2018,TS11-EM3370Engine,1197 cc,YesTransmission,AutomaticKM,"33,509 km",Petrol2018
https://www.cars24.com/buy-used-maruti-wagon-r-1.0-2016-cars-hyderabad-10439486760/,Maruti,Wagon R 1.0 VXI,2016,"77,225 km",Petrol,1st owner,₹3.59L,"Kompally, Hyderabad",Nov 2016,2016,TS08-EZ6049Engine,998 cc,YesTransmission,ManualKM,"77,225 km",Petrol2016
https://www.cars24.com/buy-used-maruti-ignis-2020-cars-hyderabad-10460636753/,Maruti,IGNIS DELTA 1.2,2020,"77,633 km",Petrol,1st owner,₹5.12L,"Kompally, Hyderabad",Aug 2020,2020,TS07-HH0356Engine,1197 cc,NoTransmission,ManualKM,"77,633 km",Petrol2020
https://www.cars24.com/buy-used-maruti-celerio-2014-cars-hyderabad-10478381726/,Maruti,Celerio VXI AMT,2014,"98,335 km",Petrol,1st owner,₹3.65L,"Bachupally, Hyderabad",Jan 2015,2014,TS07-EH3718Engine,998 cc,YesTransmission,AutomaticKM,"98,335 km",Petrol2014
https://www.cars24.com/buy-used-maruti-baleno-2016-cars-hyderabad-10428335785/,Maruti,Baleno DELTA PETROL 1.2,2016,"93,648 km",Petrol,3rd owner,₹5.47L,"Kompally, Hyderabad",Apr 2016,2016,TS07-EW8982Engine,1197 cc,YesTransmission,ManualKM,"93,648 km",Petrol2016
https://www.cars24.com/buy-used-maruti-celerio-2023-cars-hyderabad-10416630778/,Maruti,Celerio ZXI AMT,2023,"17,447 km",Petrol,1st owner,₹6.44L,"Bachupally, Hyderabad",Jul 2023,2023,TS15-FM5499Engine,998 cc,YesTransmission,AutomaticKM,"17,447 km",Petrol2023
https://www.cars24.com/buy-used-maruti-s-presso-2021-cars-hyderabad-10405930750/,Maruti,S PRESSO VXI+,2021,"46,355 km",Petrol,1st owner,₹4.36L,"Attapur, Hyderabad",Dec 2021,2021,TS36-L0090Engine,998 cc,NoTransmission,ManualKM,"46,355 km",Petrol2021
https://www.cars24.com/buy-used-maruti-wagon-r-1.0-2018-cars-hyderabad-10423130780/,Maruti,Wagon R 1.0 VXI,2018,"76,210 km",Petrol,1st owner,₹4.20L,"Kompally, Hyderabad",Oct 2018,2018,TS15-ET3280Engine,998 cc,YesTransmission,ManualKM,"76,210 km",Petrol2018
https://www.cars24.com/buy-used-maruti-alto-k10-2018-cars-hyderabad-10440788732/,Maruti,Alto K10 VXI,2018,"1,02,545 km",Petrol,1st owner,₹3.13L,"Attapur, Hyderabad",May 2018,2018,TS08-FU7721Engine,998 cc,YesTransmission,ManualKM,"102,545 km",Petrol2018
https://www.cars24.com/buy-used-maruti-new-wagon-r-2022-cars-hyderabad-10420337770/,Maruti,New Wagon-R ZXI 1.2,2022,"22,594 km",Petrol,1st owner,₹5.70L,"Bachupally, Hyderabad",Sep 2022,2022,TS07-JH6915Engine,1197 cc,YesTransmission,ManualKM,"22,594 km",Petrol2022
https://www.cars24.com/buy-used-maruti-alto-800-2017-cars-hyderabad-10492035754/,Maruti,Alto 800 LXI,2017,"63,989 km",Petrol,2nd owner,₹2.78L,"Attapur, Hyderabad",Mar 2018,2017,TS08-FT5439Engine,796 cc,YesTransmission,ManualKM,"63,989 km",Petrol2017
https://www.cars24.com/buy-used-maruti-new-wagon-r-2020-cars-hyderabad-10417839715/,Maruti,New Wagon-R VXI (O) 1.2 AMT,2020,"26,074 km",Petrol,1st owner,₹5.73L,"Bachupally, Hyderabad",Sep 2020,2020,TS08-HE3521Engine,1197 cc,YesTransmission,AutomaticKM,"26,074 km",Petrol2020
https://www.cars24.com/buy-used-maruti-new-wagon-r-2020-cars-hyderabad-10433980723/,Maruti,New Wagon-R ZXI 1.2,2020,"52,823 km",Petrol,1st owner,₹5.09L,"Kompally, Hyderabad",Oct 2020,2020,AP39-GD1255Engine,1197 cc,YesTransmission,ManualKM,"52,823 km",Petrol2020
https://www.cars24.com/buy-used-maruti-new-wagon-r-2022-cars-hyderabad-10446930773/,Maruti,New Wagon-R VXI 1.0 AMT,2022,"9,301 km",Petrol,1st owner,₹5.84L,"Bachupally, Hyderabad",Mar 2023,2022,TS08-KE5082Insurance,,NoTransmission,AutomaticKM,"9,301 km",Petrol2022
https://www.cars24.com/buy-used-maruti-new-wagon-r-2021-cars-hyderabad-10475437712/,Maruti,New Wagon-R VXI 1.0,2021,"40,215 km",Petrol,1st owner,₹5.17L,"Kompally, Hyderabad",Dec 2021,2021,TS35-F8351Engine,998 cc,YesTransmission,ManualKM,"40,215 km",Petrol2021
https://www.cars24.com/buy-used-maruti-ciaz-2021-cars-hyderabad-10466635786/,Maruti,Ciaz ALPHA AT 1.5 SHVS PETROL,2021,"57,002 km",Petrol,1st owner,₹9.61L,"Bachupally, Hyderabad",Oct 2021,2021,TS08-HU0247Engine,1462 cc,NoTransmission,AutomaticKM,"57,002 km",Petrol2021
https://www.cars24.com/buy-used-maruti-new-wagon-r-2019-cars-hyderabad-10475334711/,Maruti,New Wagon-R VXI 1.2,2019,"49,347 km",Petrol,1st owner,₹5.03L,"Bachupally, Hyderabad",Aug 2019,2019,TS08-GN9783Engine,1197 cc,YesTransmission,ManualKM,"49,347 km",Petrol2019
https://www.cars24.com/buy-used-maruti-wagon-r-1.0-2014-cars-hyderabad-10487280720/,Maruti,Wagon R 1.0 VXI,2014,"83,098 km",Petrol,2nd owner,₹3.24L,"Attapur, Hyderabad",Jul 2014,2014,TS15-EB1672Engine,998 cc,NoTransmission,ManualKM,"83,098 km",Petrol2014
https://www.cars24.com/buy-used-maruti-celerio-2017-cars-hyderabad-10474735791/,Maruti,Celerio ZXI,2017,"81,204 km",Petrol,1st owner,₹4.19L,"Kompally, Hyderabad",Aug 2017,2017,TS11-EK8674Engine,998 cc,YesTransmission,ManualKM,"81,204 km",Petrol2017
https://www.cars24.com/buy-used-maruti-celerio-2017-cars-hyderabad-10483881782/,Maruti,Celerio ZXI AMT,2017,"72,304 km",Petrol,1st owner,₹4.49L,"Attapur, Hyderabad",Jun 2017,2017,TS08-FE9459Insurance,,YesTransmission,AutomaticKM,"72,304 km",Petrol2017
https://www.cars24.com/buy-used-maruti-wagon-r-1.0-2014-cars-hyderabad-10481280729/,Maruti,Wagon R 1.0 VXI,2014,"76,186 km",Petrol,1st owner,₹3.26L,"Kompally, Hyderabad",Oct 2014,2014,TS08-EE0017Engine,998 cc,YesTransmission,ManualKM,"76,186 km",Petrol2014
https://www.cars24.com/buy-used-maruti-wagon-r-1.0-2014-cars-hyderabad-10439031792/,Maruti,Wagon R 1.0 VXI,2014,"98,723 km",Petrol,2nd owner,₹3.06L,"Bachupally, Hyderabad",Sep 2014,2014,TS07-ED7933Engine,998 cc,YesTransmission,ManualKM,"98,723 km",Petrol2014
https://www.cars24.com/buy-used-maruti-celerio-2019-cars-hyderabad-10488636734/,Maruti,Celerio ZXI,2019,"99,910 km",Petrol,2nd owner,₹4.50L,"Kompally, Hyderabad",Dec 2019,2019,TS35-C7400Engine,998 cc,NoTransmission,ManualKM,"99,910 km",Petrol2019
https://www.cars24.com/buy-used-maruti-alto-2022-cars-hyderabad-10469832732/,Maruti,Alto LXI O,2022,"26,385 km",Petrol,1st owner,₹3.97L,"Attapur, Hyderabad",Dec 2022,2022,TS15-FK4302Engine,796 cc,YesTransmission,ManualKM,"26,385 km",Petrol2022
https://www.cars24.com/buy-used-maruti-baleno-2019-cars-hyderabad-10401386710/,Maruti,Baleno ZETA CVT PETROL 1.2,2019,"86,242 km",Petrol,1st owner,₹7.18L,"Attapur, Hyderabad",May 2019,2019,TS13-EN8095Engine,1197 cc,YesTransmission,AutomaticKM,"86,242 km",Petrol2019
https://www.cars24.com/buy-used-maruti-alto-2023-cars-hyderabad-10470430783/,Maruti,Alto VXI PLUS,2023,"29,652 km",Petrol,1st owner,₹4.45L,"Bachupally, Hyderabad",Apr 2023,2023,TS07-HZ9459Engine,796 cc,NoTransmission,ManualKM,"29,652 km",Petrol2023
https://www.cars24.com/buy-used-maruti-alto-k10-2016-cars-hyderabad-10444287785/,Maruti,Alto K10 VXI AMT,2016,"17,627 km",Petrol,2nd owner,₹3.28L,"Kompally, Hyderabad",Nov 2016,2016,TS07-FH7089Engine,998 cc,YesTransmission,AutomaticKM,"17,627 km",Petrol2016
https://www.cars24.com/buy-used-maruti-swift-2018-cars-hyderabad-10413838733/,Maruti,Swift VXI,2018,"78,023 km",Petrol,1st owner,₹5.39L,"Kompally, Hyderabad",Oct 2018,2018,TS08-FY8637Engine,1197 cc,YesTransmission,ManualKM,"78,023 km",Petrol2018
https://www.cars24.com/buy-used-toyota-innova-2015-cars-hyderabad-11019954701/,Toyota,Innova 2.5 GX 8 STR,2015,"82,593 km",Diesel,1st owner,₹11.50L,"Kompally, Hyderabad",May 2015,2015,HR29-AJ4011Engine,2494 cc,NoTransmission,ManualKM,"82,593 km",Diesel2015
https://www.cars24.com/buy-used-maruti-baleno-2022-cars-hyderabad-10489433781/,Maruti,Baleno ALPHA PETROL 1.2,2022,"31,283 km",Petrol,1st owner,₹8.58L,"Kompally, Hyderabad",Sep 2022,2022,TS07-JJ8931Engine,1197 cc,NoTransmission,ManualKM,"31,283 km",Petrol2022
https://www.cars24.com/buy-used-maruti-brezza-2023-cars-hyderabad-10457438791/,Maruti,BREZZA ZXI SMART HYBRID,2023,"18,693 km",Petrol,1st owner,₹11.46L,"Bachupally, Hyderabad",May 2023,2023,TS07-JU7233Engine,1462 cc,YesTransmission,ManualKM,"18,693 km",Petrol2023
https://www.cars24.com/buy-used-maruti-wagon-r-1.0-2012-cars-hyderabad-10412284751/,Maruti,Wagon R 1.0 LXI,2012,"72,470 km",Petrol,1st owner,₹2.70L,"Kompally, Hyderabad",Jun 2012,2012,AP10-BA5770Engine,998 cc,NoTransmission,ManualKM,"72,470 km",Petrol2012
https://www.cars24.com/buy-used-maruti-wagon-r-1.0-2015-cars-hyderabad-10484385764/,Maruti,Wagon R 1.0 VXI,2015,"29,956 km",Petrol,1st owner,₹3.75L,"Attapur, Hyderabad",Aug 2015,2015,TS10-EE2856Engine,998 cc,NoTransmission,ManualKM,"29,956 km",Petrol2015
https://www.cars24.com/buy-used-maruti-alto-k10-2023-cars-hyderabad-10433830733/,Maruti,Alto K10 VXI PLUS AMT,2023,"8,023 km",Petrol,1st owner,₹5.65L,"Attapur, Hyderabad",Oct 2023,2023,TS08-JY0812Engine,998 cc,NoTransmission,AutomaticKM,"8,023 km",Petrol2023
https://www.cars24.com/buy-used-maruti-alto-2022-cars-hyderabad-19265533737/,Maruti,Alto VXI,2022,"19,886 km",Petrol,1st owner,₹4.24L,"Kompally, Hyderabad",Mar 2022,2022,TS26-G1607Engine,796 cc,YesTransmission,ManualKM,"19,886 km",Petrol2022
https://www.cars24.com/buy-used-maruti-swift-2013-cars-hyderabad-10489238746/,Maruti,Swift VDI,2013,"69,399 km",Diesel,1st owner,₹4.31L,"Kompally, Hyderabad",Sep 2013,2013,AP10-BE8657Engine,1248 cc,NoTransmission,ManualKM,"69,399 km",Diesel2013
https://www.cars24.com/buy-used-maruti-baleno-2019-cars-hyderabad-10488134747/,Maruti,Baleno ALPHA CVT PETROL 1.2,2019,"70,948 km",Petrol,2nd owner,₹6.66L,"Kompally, Hyderabad",Oct 2019,2019,TS07-GX6348Engine,1197 cc,YesTransmission,AutomaticKM,"70,948 km",Petrol2019
https://www.cars24.com/buy-used-toyota-urban-cruiser-2022-cars-hyderabad-10483634744/,Toyota,URBAN CRUISER PREMIUM GRADE MT,2022,"8,351 km",Petrol,1st owner,₹10.04L,"Kompally, Hyderabad",May 2022,2022,TS07-JF3047Engine,1462 cc,YesTransmission,ManualKM,"8,351 km",Petrol2022
https://www.cars24.com/buy-used-maruti-swift-2021-cars-hyderabad-10479937740/,Maruti,Swift ZXI PLUS AMT,2021,"46,843 km",Petrol,1st owner,₹7.35L,"Kompally, Hyderabad",Jun 2021,2021,TS12-ES2254Engine,1197 cc,YesTransmission,AutomaticKM,"46,843 km",Petrol2021
https://www.cars24.com/buy-used-maruti-baleno-2018-cars-hyderabad-10478739741/,Maruti,Baleno DELTA PETROL 1.2,2018,"61,116 km",Petrol,1st owner,₹5.65L,"Kompally, Hyderabad",Sep 2018,2018,TS10-ER2775Engine,1197 cc,YesTransmission,ManualKM,"61,116 km",Petrol2018
https://www.cars24.com/buy-used-maruti-swift-2017-cars-hyderabad-10469535720/,Maruti,Swift ZXI,2017,"47,427 km",Petrol,2nd owner,₹5.32L,"Kompally, Hyderabad",Oct 2017,2017,TS09-EV9448Engine,1197 cc,YesTransmission,ManualKM,"47,427 km",Petrol2017
https://www.cars24.com/buy-used-skoda-rapid-2017-cars-hyderabad-10463139723/,Skoda,Rapid AMBITION 1.5 TDI,2017,"1,18,710 km",Diesel,1st owner,₹6.98L,"Bachupally, Hyderabad",Aug 2017,2017,TS08-FK5472Engine,1498 cc,YesTransmission,ManualKM,"118,710 km",Diesel2017
https://www.cars24.com/buy-used-maruti-baleno-2017-cars-hyderabad-10460430727/,Maruti,Baleno DELTA PETROL 1.2,2017,"76,591 km",Petrol,1st owner,₹5.30L,"Attapur, Hyderabad",Aug 2017,2017,TS07-FS7810Engine,1197 cc,YesTransmission,ManualKM,"76,591 km",Petrol2017
https://www.cars24.com/buy-used-maruti-new-wagon-r-2020-cars-hyderabad-10453736746/,Maruti,New Wagon-R LXI CNG (O) 1.0,2020,"63,314 km",CNG,1st owner,₹5.70L,"Kompally, Hyderabad",Dec 2020,2020,TS10-EY4423Engine,998 cc,YesTransmission,ManualKM,"63,314 km",CNG2020
https://www.cars24.com/buy-used-maruti-swift-2017-cars-hyderabad-10447434729/,Maruti,Swift ZXI,2017,"49,184 km",Petrol,1st owner,₹5.52L,"Kompally, Hyderabad",May 2017,2017,TS08-FG5373Engine,1197 cc,YesTransmission,ManualKM,"49,184 km",Petrol2017
https://www.cars24.com/buy-used-maruti-vitara-brezza-2021-cars-hyderabad-10435530720/,Maruti,Vitara Brezza ZXI AT SHVS,2021,"35,713 km",Petrol,2nd owner,₹9.40L,"Kompally, Hyderabad",Apr 2021,2021,TS15-FD7031Engine,1462 cc,YesTransmission,AutomaticKM,"35,713 km",Petrol2021
https://www.cars24.com/buy-used-maruti-ciaz-2018-cars-hyderabad-10434134744/,Maruti,Ciaz ALPHA 1.5 SHVS PETROL,2018,"66,803 km",Petrol,2nd owner,₹7.18L,"Bachupally, Hyderabad",Nov 2018,2018,TS08-GC8927Engine,1462 cc,YesTransmission,ManualKM,"66,803 km",Petrol2018
https://www.cars24.com/buy-used-skoda-slavia-2022-cars-hyderabad-10433038741/,Skoda,SLAVIA STYLE 1.0L TSI AT,2022,"30,564 km",Petrol,1st owner,₹15.03L,"Kompally, Hyderabad",Sep 2022,2022,TS08-JG0914Engine,999 cc,YesTransmission,AutomaticKM,"30,564 km",Petrol2022
https://www.cars24.com/buy-used-maruti-swift-2013-cars-hyderabad-10432838723/,Maruti,Swift ZDI,2013,"73,764 km",Diesel,1st owner,₹4.57L,"Kompally, Hyderabad",Apr 2013,2013,AP28-CJ9703Engine,1248 cc,NoTransmission,ManualKM,"73,764 km",Diesel2013
https://www.cars24.com/buy-used-skoda-rapid-2019-cars-hyderabad-10422035749/,Skoda,Rapid STYLE 1.6 MPI,2019,"94,695 km",Petrol,1st owner,₹8.49L,"Kompally, Hyderabad",Nov 2019,2019,TS06-EY4230Engine,1598 cc,YesTransmission,ManualKM,"94,695 km",Petrol2019
https://www.cars24.com/buy-used-maruti-baleno-2021-cars-hyderabad-10420930732/,Maruti,Baleno ZETA PETROL 1.2,2021,"52,544 km",Petrol,1st owner,₹7.21L,"Kompally, Hyderabad",Apr 2021,2021,TS13-ET9348Engine,1197 cc,YesTransmission,ManualKM,"52,544 km",Petrol2021
https://www.cars24.com/buy-used-maruti-baleno-2022-cars-hyderabad-10416938728/,Maruti,Baleno DELTA PETROL 1.2,2022,"41,113 km",Petrol,1st owner,₹6.86L,"Bachupally, Hyderabad",Aug 2022,2022,TS09-FX4442Engine,1197 cc,YesTransmission,ManualKM,"41,113 km",Petrol2022
https://www.cars24.com/buy-used-maruti-celerio-2016-cars-hyderabad-10412830746/,Maruti,Celerio ZXI AMT,2016,"53,107 km",Petrol,2nd owner,₹4.01L,"Kompally, Hyderabad",Nov 2016,2016,TS08-FB3454Engine,998 cc,YesTransmission,AutomaticKM,"53,107 km",Petrol2016
https://www.cars24.com/buy-used-maruti-celerio-2018-cars-hyderabad-10412635744/,Maruti,Celerio VXI AMT (O),2018,"74,635 km",Petrol,1st owner,₹4.06L,"Bachupally, Hyderabad",Nov 2018,2018,TS07-GK1638Engine,998 cc,YesTransmission,AutomaticKM,"74,635 km",Petrol2018
https://www.cars24.com/buy-used-maruti-ciaz-2022-cars-hyderabad-10410437723/,Maruti,Ciaz DELTA 1.5 SHVS MT PETROL,2022,"20,719 km",Petrol,1st owner,₹8.98L,"Kompally, Hyderabad",Jul 2022,2022,TS08-HZ9630Engine,1462 cc,YesTransmission,ManualKM,"20,719 km",Petrol2022
https://www.cars24.com/buy-used-maruti-baleno-2018-cars-hyderabad-10405333749/,Maruti,Baleno DELTA DIESEL 1.3,2018,"86,448 km",Diesel,1st owner,₹6.44L,"Bachupally, Hyderabad",Jun 2018,2018,TS08-FX0388Engine,1248 cc,YesTransmission,ManualKM,"86,448 km",Diesel2018
https://www.cars24.com/buy-used-maruti-celerio-2018-cars-hyderabad-10404137747/,Maruti,Celerio ZXI AMT,2018,"18,827 km",Petrol,1st owner,₹4.59L,"Bachupally, Hyderabad",Aug 2018,2018,TS13-EL7010Engine,998 cc,YesTransmission,AutomaticKM,"18,827 km",Petrol2018
https://www.cars24.com/buy-used-maruti-s-presso-2021-cars-hyderabad-10403933788/,Maruti,S PRESSO VXI+,2021,"16,759 km",Petrol,1st owner,₹4.48L,"Kompally, Hyderabad",Apr 2021,2021,TS15-FD7911Engine,998 cc,NoTransmission,ManualKM,"16,759 km",Petrol2021
https://www.cars24.com/buy-used-maruti-ignis-2018-cars-hyderabad-10400936728/,Maruti,IGNIS DELTA 1.2 AMT,2018,"90,874 km",Petrol,2nd owner,₹4.61L,"Bachupally, Hyderabad",Aug 2018,2018,TS08-GA1467Engine,1197 cc,YesTransmission,AutomaticKM,"90,874 km",Petrol2018
https://www.cars24.com/buy-used-maruti-grand-vitara-2023-cars-hyderabad-10496637733/,Maruti,Grand Vitara DELTA SMART HYBRID,2023,"28,842 km",Petrol,1st owner,₹12.33L,"Kompally, Hyderabad",Mar 2023,2023,TS08-JN3528Engine,1462 cc,YesTransmission,ManualKM,"28,842 km",Petrol2023
https://www.cars24.com/buy-used-maruti-vitara-brezza-2016-cars-hyderabad-10469833720/,Maruti,Vitara Brezza ZDI,2016,"76,173 km",Diesel,1st owner,₹7.51L,"Kompally, Hyderabad",Aug 2016,2016,TS07-FC9445Engine,1248 cc,YesTransmission,ManualKM,"76,173 km",Diesel2016
https://www.cars24.com/buy-used-maruti-alto-800-2016-cars-hyderabad-10440435786/,Maruti,Alto 800 LXI,2016,"51,119 km",Petrol,1st owner,₹2.66L,"Bachupally, Hyderabad",May 2016,2016,TS08-ET6588Engine,796 cc,YesTransmission,ManualKM,"51,119 km",Petrol2016
https://www.cars24.com/buy-used-maruti-swift-2018-cars-hyderabad-10486435758/,Maruti,Swift ZXI PLUS AMT,2018,"49,070 km",Petrol,1st owner,₹6.30L,"Attapur, Hyderabad",Oct 2018,2018,TS10-ER5588Engine,1197 cc,YesTransmission,AutomaticKM,"49,070 km",Petrol2018
https://www.cars24.com/buy-used-maruti-alto-k10-2011-cars-hyderabad-10424781702/,Maruti,Alto K10 VXI,2011,"34,213 km",Petrol,1st owner,₹1.84L,"Bachupally, Hyderabad",Jun 2011,2011,AP09-CE1055Engine,998 cc,YesTransmission,ManualKM,"34,213 km",Petrol2011
https://www.cars24.com/buy-used-maruti-brezza-2023-cars-hyderabad-10446283706/,Maruti,BREZZA ZXI SMART HYBRID,2023,"12,590 km",Petrol,1st owner,₹11.46L,"Attapur, Hyderabad",Nov 2023,2023,TS24-J1234Engine,1462 cc,NoTransmission,ManualKM,"12,590 km",Petrol2023
https://www.cars24.com/buy-used-maruti-swift-2013-cars-hyderabad-10474038754/,Maruti,Swift ZDI,2013,"1,02,255 km",Diesel,1st owner,₹4.43L,"Kompally, Hyderabad",Nov 2013,2013,AP28-DV3854Engine,1248 cc,YesTransmission,ManualKM,"102,255 km",Diesel2013
https://www.cars24.com/buy-used-skoda-rapid-2021-cars-hyderabad-10425688722/,Skoda,Rapid ACTIVE 1.0 TSI,2021,"41,244 km",Petrol,2nd owner,₹6.54L,"Kompally, Hyderabad",Jul 2021,2021,TS04-FD7351Insurance,,NoTransmission,ManualKM,"41,244 km",Petrol2021
https://www.cars24.com/buy-used-maruti-ciaz-2018-cars-hyderabad-10435834786/,Maruti,Ciaz SIGMA 1.5 SHVS MT PETROL,2018,"29,010 km",Petrol,1st owner,₹6.96L,"Kompally, Hyderabad",Nov 2018,2018,TS07-GK0339Engine,1462 cc,NoTransmission,ManualKM,"29,010 km",Petrol2018
https://www.cars24.com/buy-used-maruti-baleno-2019-cars-hyderabad-10466781741/,Maruti,Baleno ALPHA PETROL 1.2,2019,"24,499 km",Petrol,1st owner,₹6.98L,"Kompally, Hyderabad",Nov 2019,2019,TS08-GT4812Engine,1197 cc,YesTransmission,ManualKM,"24,499 km",Petrol2019
https://www.cars24.com/buy-used-maruti-baleno-2020-cars-hyderabad-10432030780/,Maruti,Baleno DELTA PETROL 1.2,2020,"61,979 km",Petrol,1st owner,₹6.37L,"Attapur, Hyderabad",Jan 2021,2020,TS06-FB9979Engine,1197 cc,YesTransmission,ManualKM,"61,979 km",Petrol2020
https://www.cars24.com/buy-used-maruti-alto-800-2017-cars-hyderabad-10466532789/,Maruti,Alto 800 VXI O,2017,"92,881 km",Petrol,1st owner,₹2.64L,"Kompally, Hyderabad",Jan 2019,2017,TS32-A5373Engine,796 cc,NoTransmission,ManualKM,"92,881 km",Petrol2017
https://www.cars24.com/buy-used-maruti-baleno-2019-cars-hyderabad-10462637788/,Maruti,Baleno ALPHA PETROL 1.2,2019,"88,651 km",Petrol,1st owner,₹6.48L,"Attapur, Hyderabad",Apr 2019,2019,TS09-FF1630Engine,1197 cc,YesTransmission,ManualKM,"88,651 km",Petrol2019
https://www.cars24.com/buy-used-maruti-ciaz-2019-cars-hyderabad-10456334718/,Maruti,Ciaz DELTA AT 1.5 SHVS PETROL,2019,"55,281 km",Petrol,1st owner,₹6.72L,"Attapur, Hyderabad",Sep 2019,2019,TS07-KC3266Engine,1462 cc,NoTransmission,AutomaticKM,"55,281 km",Petrol2019
https://www.cars24.com/buy-used-maruti-baleno-2019-cars-hyderabad-10411739789/,Maruti,Baleno ZETA PETROL 1.2,2019,"31,968 km",Petrol,1st owner,₹6.93L,"Attapur, Hyderabad",Jan 2020,2019,TS15-EZ6592Engine,1197 cc,YesTransmission,ManualKM,"31,968 km",Petrol2019
https://www.cars24.com/buy-used-maruti-alto-k10-2013-cars-hyderabad-10405885724/,Maruti,Alto K10 VXI,2013,"70,050 km",Petrol,2nd owner,₹2.25L,"Kompally, Hyderabad",Mar 2013,2013,AP23-AJ1777Engine,998 cc,YesTransmission,ManualKM,"70,050 km",Petrol2013
https://www.cars24.com/buy-used-maruti-wagon-r-1.0-2012-cars-hyderabad-10443483761/,Maruti,Wagon R 1.0 LXI,2012,"76,750 km",Petrol,1st owner,₹2.85L,"Bachupally, Hyderabad",Dec 2012,2012,AP31-CA9700Engine,998 cc,NoTransmission,ManualKM,"76,750 km",Petrol2012
https://www.cars24.com/buy-used-maruti-ciaz-2018-cars-hyderabad-10489533736/,Maruti,Ciaz ALPHA AT 1.5 SHVS PETROL,2018,"50,723 km",Petrol,2nd owner,₹7.63L,"Attapur, Hyderabad",Feb 2019,2018,TS07-GM6282Engine,1462 cc,YesTransmission,AutomaticKM,"50,723 km",Petrol2018
https://www.cars24.com/buy-used-maruti-wagon-r-1.0-2016-cars-hyderabad-10457334799/,Maruti,Wagon R 1.0 VXI AMT,2016,"82,834 km",Petrol,1st owner,₹3.72L,"Kompally, Hyderabad",Jun 2016,2016,TS09-EM9941Engine,998 cc,YesTransmission,AutomaticKM,"82,834 km",Petrol2016
https://www.cars24.com/buy-used-maruti-swift-2021-cars-hyderabad-10432736783/,Maruti,Swift ZXI,2021,"62,166 km",Petrol,1st owner,₹6.79L,"Attapur, Hyderabad",May 2021,2021,TS05-FJ2828Engine,1197 cc,NoTransmission,ManualKM,"62,166 km",Petrol2021
https://www.cars24.com/buy-used-maruti-vitara-brezza-2020-cars-hyderabad-10494330742/,Maruti,Vitara Brezza ZXI PLUS,2020,"54,988 km",Petrol,1st owner,₹8.75L,"Kompally, Hyderabad",Jun 2020,2020,TS01-EN5678Engine,1462 cc,YesTransmission,ManualKM,"54,988 km",Petrol2020
https://www.cars24.com/buy-used-maruti-xl6-2020-cars-hyderabad-10474937728/,Maruti,XL6 ZETA MT,2020,"96,067 km",Petrol,1st owner,₹8.88L,"Kompally, Hyderabad",Nov 2020,2020,TS13-ES9548Insurance,,YesTransmission,ManualKM,"96,067 km",Petrol2020
https://www.cars24.com/buy-used-maruti-swift-2019-cars-hyderabad-10473036741/,Maruti,Swift VXI,2019,"64,828 km",Petrol,1st owner,₹5.63L,"Kompally, Hyderabad",Jan 2020,2019,TS07-HB2458Engine,1197 cc,YesTransmission,ManualKM,"64,828 km",Petrol2019
https://www.cars24.com/buy-used-maruti-dzire-2019-cars-hyderabad-10455932747/,Maruti,Dzire VXI AMT,2019,"9,056 km",Petrol,1st owner,₹6.75L,"Attapur, Hyderabad",May 2019,2019,TS15-EV9691Engine,1197 cc,NoTransmission,AutomaticKM,"9,056 km",Petrol2019
https://www.cars24.com/buy-used-maruti-swift-2022-cars-hyderabad-10452434728/,Maruti,Swift VXI,2022,"41,003 km",Petrol,1st owner,₹6.50L,"Kompally, Hyderabad",Jul 2022,2022,TS03-FD7406Engine,1197 cc,YesTransmission,ManualKM,"41,003 km",Petrol2022
https://www.cars24.com/buy-used-maruti-dzire-2023-cars-hyderabad-10450039743/,Maruti,Dzire VXI AMT,2023,"15,833 km",Petrol,1st owner,₹7.80L,"Kompally, Hyderabad",Feb 2024,2023,TG08-C4503Engine,1197 cc,YesTransmission,AutomaticKM,"15,833 km",Petrol2023
https://www.cars24.com/buy-used-maruti-ertiga-2022-cars-hyderabad-10446039722/,Maruti,Ertiga VXI AT SHVS,2022,"29,143 km",Petrol,1st owner,₹10.80L,"Bachupally, Hyderabad",Jul 2022,2022,TS07-JG7401Engine,1462 cc,YesTransmission,AutomaticKM,"29,143 km",Petrol2022
https://www.cars24.com/buy-used-maruti-ertiga-2020-cars-hyderabad-10441331742/,Maruti,Ertiga VXI AT SHVS,2020,"25,009 km",Petrol,1st owner,₹8.93L,"Bachupally, Hyderabad",Sep 2020,2020,TS09-FN6588Engine,1462 cc,YesTransmission,AutomaticKM,"25,009 km",Petrol2020
https://www.cars24.com/buy-used-maruti-s-presso-2020-cars-hyderabad-10435033742/,Maruti,S PRESSO VXI PLUS AMT,2020,"29,955 km",Petrol,1st owner,₹4.37L,"Kompally, Hyderabad",Jun 2020,2020,TS07-HF2983Engine,998 cc,YesTransmission,AutomaticKM,"29,955 km",Petrol2020
https://www.cars24.com/buy-used-maruti-dzire-2018-cars-hyderabad-10409339748/,Maruti,Dzire ZDI PLUS,2018,"90,164 km",Diesel,1st owner,₹7.18L,"Kompally, Hyderabad",Dec 2018,2018,TS11-EP5868Engine,1248 cc,YesTransmission,ManualKM,"90,164 km",Diesel2018
https://www.cars24.com/buy-used-maruti-baleno-2017-cars-hyderabad-10404237726/,Maruti,Baleno DELTA PETROL 1.2,2017,"45,551 km",Petrol,1st owner,₹5.58L,"Bachupally, Hyderabad",Sep 2017,2017,TS08-FK7571Engine,1197 cc,YesTransmission,ManualKM,"45,551 km",Petrol2017
